,Player,Team,Year,Height,Weight,40 Time,Pick,Teammate,Teammate Year,Tm_x,Age_x,Pos_x,G_x,GS_x,Rush_Att,Rush_Yds,Rush_TD,Rush_1D,Rush_Lng,Rush_Y/A,Rush_Y/G,Teammate Tm,Teammate Age,Teammate Pos,Teammate G,Teammate GS,Teammate Rush_Att,Teammate Rush_Yds,Teammate Rush_TD,Teammate Rush_1D,Teammate Rush_Lng,Teammate Rush_Y/A,Teammate Rush_Y/G,Teammate Rush_Fmb,Tgt,Rec,Yds,Y/R,TD,1D,Lng,Y/Tgt,R/G,Y/G,Fumbles,Total FP,FPPG
0,Bijan Robinson,ATL,2023,72,222,4.46,8,Tyler Allgeier,2022,0,22.21782178,0,0,0,0,0,0,0,0,0.0,0.0,ATL,22.0,RB,16,7,210,1035,3,53,44,4.9,64.7,0,0,0,0,0.0,0,0,0,0.0,0.0,0.0,0,0.0,0.0
1,Jahmyr Gibbs,DET,2023,71,200,4.36,12,David Montgomery,2022,0,22.21782178,0,0,0,0,0,0,0,0,0.0,0.0,CHI,25.0,RB,16,16,201,801,5,41,28,4.0,50.1,2,0,0,0,0.0,0,0,0,0.0,0.0,0.0,0,0.0,0.0
2,Zach Charbonnet,SEA,2023,73,220,4.53,52,Kenneth Walker III,2022,0,22.21782178,0,0,0,0,0,0,0,0,0.0,0.0,SEA,22.0,RB,15,11,228,1050,9,51,74,4.6,70.0,0,0,0,0,0.0,0,0,0,0.0,0.0,0.0,0,0.0,0.0
3,Kendre Miller,NO,2023,72,220,4.58,71,Alvin Kamara,2022,0,22.21782178,0,0,0,0,0,0,0,0,0.0,0.0,NOR,27.0,RB,15,13,223,897,2,40,27,4.0,59.8,4,0,0,0,0.0,0,0,0,0.0,0.0,0.0,0,0.0,0.0
4,Tyjae Sparks,TEN,2023,71,195,4.54,81,Derrick Henry,2022,0,22.21782178,0,0,0,0,0,0,0,0,0.0,0.0,TEN,28.0,RB,16,16,349,1538,13,65,56,4.4,96.1,6,0,0,0,0.0,0,0,0,0.0,0.0,0.0,0,0.0,0.0
5,Devon Achane,MIA,2023,69,185,4.32,84,Raheem Mostert,2022,0,22.21782178,0,0,0,0,0,0,0,0,0.0,0.0,MIA,30.0,RB,16,14,181,891,3,44,67,4.9,55.7,1,0,0,0,0.0,0,0,0,0.0,0.0,0.0,0,0.0,0.0
6,Tank Bigsby,JAC,2023,72,213,4.56,88,Travis Etienne,2022,0,22.21782178,0,0,0,0,0,0,0,0,0.0,0.0,JAX,23.0,RB,17,12,220,1125,5,52,62,5.1,66.2,5,0,0,0,0.0,0,0,0,0.0,0.0,0.0,0,0.0,0.0
7,Roschon Johnson,CHI,2023,74,222,4.58,115,Khalil Herbert,2022,0,22.21782178,0,0,0,0,0,0,0,0,0.0,0.0,CHI,24.0,RB,13,1,129,731,4,26,63,5.7,56.2,0,0,0,0,0.0,0,0,0,0.0,0.0,0.0,0,0.0,0.0
8,Israel Abanikanda,NYJ,2023,71,215,4.41,143,Breece Hall,2022,0,22.21782178,0,0,0,0,0,0,0,0,0.0,0.0,NYJ,21.0,RB,7,2,80,463,4,20,62,5.8,66.1,1,0,0,0,0.0,0,0,0,0.0,0.0,0.0,0,0.0,0.0
9,Chase Brown,CIN,2023,71,205,4.43,163,Joe Mixon,2022,0,22.21782178,0,0,0,0,0,0,0,0,0.0,0.0,CIN,26.0,RB,14,14,210,814,7,47,40,3.9,58.1,0,0,0,0,0.0,0,0,0,0.0,0.0,0.0,0,0.0,0.0
10,Eric Gray,NYG,2023,70,210,4.62,172,Saquon Barkley,2022,0,22.21782178,0,0,0,0,0,0,0,0,0.0,0.0,NYG,25.0,RB,16,16,295,1312,10,62,68,4.4,82.0,1,0,0,0,0.0,0,0,0,0.0,0.0,0.0,0,0.0,0.0
11,Chris Rodriguez Jr.,WAS,2023,71,224,4.52,193,Brian Robinson,2022,0,22.21782178,0,0,0,0,0,0,0,0,0.0,0.0,0,24.0,RB,12,9,205,797,2,49,24,3.9,66.4,2,0,0,0,0.0,0,0,0,0.0,0.0,0.0,0,0.0,0.0
12,Deuce Vaughn,DAL,2023,66,176,4.44,212,Tony Pollard,2022,0,22.21782178,0,0,0,0,0,0,0,0,0.0,0.0,DAL,25.0,RB,16,4,193,1007,9,46,57,5.2,62.9,0,0,0,0,0.0,0,0,0,0.0,0.0,0.0,0,0.0,0.0
13,Zach Evans,LAR,2023,72,215,4.45,215,Cam Akers,2022,0,22.21782178,0,0,0,0,0,0,0,0,0.0,0.0,LAR,23.0,RB,15,9,188,786,7,39,42,4.2,52.4,2,0,0,0,0.0,0,0,0,0.0,0.0,0.0,0,0.0,0.0
14,DeWayne McBride,MIN,2023,71,215,4.52,222,Alexander Mattison,2022,0,22.21782178,0,0,0,0,0,0,0,0,0.0,0.0,MIN,24.0,RB,17,0,74,283,5,21,15,3.8,16.6,0,0,0,0,0.0,0,0,0,0.0,0.0,0.0,0,0.0,0.0
15,Lew Nichols,GB,2023,71,222,4.5,235,Aaron Jones,2022,0,22.21782178,0,0,0,0,0,0,0,0,0.0,0.0,GNB,28.0,RB,17,17,213,1121,2,54,36,5.3,65.9,5,0,0,0,0.0,0,0,0,0.0,0.0,0.0,0,0.0,0.0
16,Kenny McIntosh,SEA,2023,73,210,4.62,237,Kenneth Walker III,2022,0,22.21782178,0,0,0,0,0,0,0,0,0.0,0.0,SEA,22.0,RB,15,11,228,1050,9,51,74,4.6,70.0,0,0,0,0,0.0,0,0,0,0.0,0.0,0.0,0,0.0,0.0
17,Breece Hall,NYJ,2022,73,220,4.39,36,Michael Carter,2021,NYJ,21.0,RB,7,2,80,463,4,20,62,5.8,66.1,NYJ,22.0,RB,14,11,147,639,4,29,55,4.3,45.6,1,31,19,218,11.5,1,8,79,7.0,2.7,31.1,2,113.1,16.15714286
18,Kenneth Walker III,SEA,2022,69,211,4.38,41,Rashaad Penny,2021,SEA,22.0,RB,15,11,228,1050,9,51,74,4.6,70.0,SEA,25.0,RB,10,6,119,749,6,28,62,6.3,74.9,0,35,27,165,6.1,0,6,33,4.7,1.8,11.0,0,202.5,13.5
19,James Cook,BUF,2022,71,190,4.42,63,Devin Singletary,2021,BUF,23.0,RB,16,0,89,507,2,25,33,5.7,31.7,BUF,24.0,RB,17,16,188,870,7,44,46,4.6,51.2,5,32,21,180,8.6,1,5,41,5.6,1.3,11.3,2,103.7,6.48125
20,Rachaad White,TB,2022,74,210,4.48,91,Leonard Fournette,2021,TAM,23.0,RB,17,8,129,481,1,27,35,3.7,28.3,TAM,26.0,RB,14,13,180,812,8,45,47,4.5,58.0,1,58,50,290,5.8,2,13,20,5.0,2.9,17.1,6,133.1,7.829411765
21,Tyrion Davis-Price,SF,2022,73,232,4.48,93,Christian McCaffrey,2021,SFO,22.0,RB,6,0,34,99,0,5,20,2.9,16.5,CAR,25.0,RB,7,7,99,442,1,20,18,4.5,63.1,1,2,0,0,0.0,0,0,0,0.0,0.0,0.0,0,9.9,1.65
22,Brian Robinson,WAS,2022,73,225,4.53,98,Antonio Gibson,2021,WAS,23.0,RB,12,9,205,797,2,49,24,3.9,66.4,WAS,23.0,RB,16,14,258,1037,7,65,27,4.0,64.8,6,12,9,60,6.7,1,2,18,5.0,0.8,5.0,2,108.7,9.06
23,Dameon Pierce,HOU,2022,70,212,4.59,107,Dare Ogunbowale,2021,HOU,22.0,RB,13,13,220,939,4,54,75,4.3,72.2,JAX,27.0,RB,17,2,43,137,1,5,12,3.2,8.1,0,39,30,165,5.5,1,7,16,4.2,2.3,12.7,8,154.4,11.87692308
24,Zamir White,LV,2022,72,215,4.4,122,Josh Jacobs,2021,LVR,23.0,RB,14,0,17,70,0,4,22,4.1,5.0,LVR,23.0,RB,15,14,217,872,9,45,28,4.0,58.1,2,0,0,0,0.0,0,0,0,0.0,0.0,0.0,0,7.0,0.5
25,Isaiah Spiller,LAC,2022,73,225,4.63,123,Austin Ekeler,2021,LAC,21.0,RB,6,0,18,41,0,2,11,2.3,6.8,LAC,26.0,RB,16,16,206,911,12,53,28,4.4,56.9,4,3,3,13,4.3,0,0,8,4.3,0.5,2.2,0,8.4,1.4
26,Pierre Strong Jr.,NE,2022,71,205,4.37,127,Damien Harris,2021,0,22.21782178,0,0,0,0,0,0,0,0,0.0,0.0,NWE,24.0,RB,15,15,202,929,15,55,64,4.6,61.9,2,0,0,0,0.0,0,0,0,0.0,0.0,0.0,0,0.0,0.0
27,Hassan Haskins,TEN,2022,73,220,4.58,131,Derrick Henry,2021,TEN,23.0,RB,15,1,25,93,0,5,12,3.7,6.2,TEN,27.0,RB,8,8,219,937,10,49,76,4.3,117.1,1,12,11,57,5.2,0,2,10,4.8,0.7,3.8,0,26.0,1.733333333
28,Tyler Allgeier,ATL,2022,71,220,4.64,151,Cordarrelle Patterson,2021,ATL,22.0,RB,16,7,210,1035,3,53,44,4.9,64.7,ATL,30.0,RB,16,13,153,618,6,29,39,4.0,38.6,2,17,16,139,8.7,1,8,26,8.2,1.0,8.7,0,157.4,9.8375
29,Jerome Ford,CLE,2022,71,220,4.46,156,Nick Chubb,2021,CLE,23.0,RB,13,0,8,12,0,1,9,1.5,0.9,CLE,26.0,RB,14,14,228,1259,8,61,70,5.5,89.9,2,0,0,0,0.0,0,0,0,0.0,0.0,0.0,0,1.2,0.092307692
30,Kyren Williams,LAR,2022,69,195,4.65,164,Cam Akers,2021,LAR,22.0,RB,10,0,35,139,0,6,17,4.0,13.9,LAR,22.0,RB,1,0,5,3,0,0,2,0.6,3.0,0,12,9,76,8.4,0,5,15,6.3,0.9,7.6,0,30.5,3.05
31,Ty Chandler,MIN,2022,72,210,4.38,169,Dalvin Cook,2021,MIN,24.0,RB,3,0,6,20,0,1,10,3.3,6.7,MIN,26.0,RB,13,13,249,1159,6,57,66,4.7,89.2,3,0,0,0,0.0,0,0,0,0.0,0.0,0.0,0,2.0,0.666666667
32,Kevin Harris,NE,2022,70,225,4.62,183,Damien Harris,2021,NWE,22.0,RB,5,1,18,52,1,3,14,2.9,10.4,NWE,24.0,RB,15,15,202,929,15,55,64,4.6,61.9,2,0,0,0,0.0,0,0,0,0.0,0.0,0.0,0,11.2,2.24
33,Tyler Badie,BAL,2022,68,194,4.45,196,J.K. Dobbins,2021,DEN,22.0,RB,1,0,1,0,0,0,0,0.0,0.0,0,24.72641509,0,0,0,0,0,0,0,0,0.0,0.0,0,1,1,24,24.0,1,1,24,24.0,1.0,24.0,0,9.4,9.4
34,Keaontay Ingram,ARI,2022,72,215,4.53,201,James Conner,2021,ARI,23.0,RB,12,0,27,60,1,4,13,2.2,5.0,ARI,26.0,RB,15,6,202,752,15,53,35,3.7,50.1,2,5,4,21,5.3,0,1,24,4.2,0.3,1.8,0,18.1,1.508333333
35,Trestan Ebner,CHI,2022,71,215,4.43,203,David Montgomery,2021,CHI,23.0,RB,17,0,24,54,0,2,11,2.3,3.2,CHI,24.0,RB,13,13,225,849,7,55,41,3.8,65.3,1,8,2,8,4.0,0,0,6,1.0,0.1,0.5,4,0.2,0.011764706
36,Brittain Brown,LV,2022,73,205,4.69,250,Josh Jacobs,2021,0,22.21782178,0,0,0,0,0,0,0,0,0.0,0.0,LVR,23.0,RB,15,14,217,872,9,45,28,4.0,58.1,2,0,0,0,0.0,0,0,0,0.0,0.0,0.0,0,0.0,0.0
37,Isiah Pacheco,KC,2022,70,216,4.37,251,Clyde Edwards-Helaire,2021,KAN,23.0,RB,17,11,170,830,5,37,31,4.9,48.8,KAN,22.0,RB,10,10,119,517,4,21,17,4.3,51.7,2,14,13,130,10.0,0,7,32,9.3,0.8,7.6,8,123.0,7.235294118
38,Najee Harris,PIT,2021,73,230,4.45,24,Benny Snell Jr.,2020,PIT,23.0,RB,17,17,307,1200,7,62,37,3.9,70.6,PIT,22.0,RB,16,3,111,368,4,25,30,3.3,23.0,2,94,74,467,6.3,3,22,25,5.0,4.4,27.5,0,300.7,17.68823529
39,Travis Etienne,JAC,2021,70,215,4.41,25,James Robinson,2020,0,22.21782178,0,0,0,0,0,0,0,0,0.0,0.0,JAX,22.0,RB,14,14,240,1070,7,54,47,4.5,76.4,3,0,0,0,0.0,0,0,0,0.0,0.0,0.0,0,0.0,0.0
40,Javonte Williams,DEN,2021,71,220,4.55,35,Melvin Gordon,2020,DEN,21.0,RB,17,1,203,903,4,52,49,4.4,53.1,DEN,27.0,RB,15,10,215,986,9,46,65,4.6,65.7,4,53,43,316,7.3,3,12,42,6.0,2.5,18.6,4,198.9,11.7
41,Trey Sermon,SF,2021,73,215,4.6,88,Elijah Mitchell,2020,SFO,22.0,RB,9,2,41,167,1,9,16,4.1,18.6,0,24.72641509,0,0,0,0,0,0,0,0,0.0,0.0,0,4,3,26,8.7,0,1,23,6.5,0.3,2.9,0,28.3,3.144444444
42,Michael Carter,NYJ,2021,70,201,4.5,107,Tevin Coleman,2020,NYJ,22.0,RB,14,11,147,639,4,29,55,4.3,45.6,SFO,27.0,RB,8,1,28,53,0,3,12,1.9,6.6,0,55,36,325,9.0,0,16,23,5.9,2.6,23.2,2,152.4,10.88571429
43,Kene Nwangwu,MIN,2021,74,210,4.32,119,Dalvin Cook,2020,MIN,23.0,RB,11,0,13,61,0,3,19,4.7,5.5,MIN,25.0,RB,14,14,312,1557,16,91,70,5.0,111.2,5,5,4,9,2.3,0,0,6,1.8,0.4,0.8,0,11.0,1.0
44,Rhamondre Stevenson,NE,2021,73,231,4.63,120,Damien Harris,2020,NWE,23.0,RB,12,2,133,606,5,33,21,4.6,50.5,NWE,23.0,RB,10,10,137,691,2,30,41,5.0,69.1,1,18,14,123,8.8,0,3,41,6.8,1.2,10.3,4,108.9,9.075
45,Chuba Hubbard,CAR,2021,72,210,4.48,126,Christian McCaffrey,2020,CAR,22.0,RB,17,10,172,612,5,36,26,3.6,36.0,CAR,24.0,RB,3,3,59,225,5,14,15,3.8,75.0,0,37,25,174,7.0,1,8,33,4.7,1.5,10.2,2,135.6,7.976470588
46,Kenneth Gainwell,PHI,2021,71,201,4.42,150,Miles Sanders,2020,PHI,22.0,RB,16,1,68,291,5,19,18,4.3,18.2,PHI,23.0,RB,12,11,164,867,6,39,82,5.3,72.3,4,50,33,253,7.7,1,14,19,5.1,2.1,15.8,4,115.4,7.2125
47,Elijah Mitchell,SF,2021,71,201,4.38,194,Trey Sermon,2020,SFO,23.0,RB,11,10,207,963,5,47,39,4.7,87.5,0,24.72641509,0,0,0,0,0,0,0,0,0.0,0.0,0,20,19,137,7.2,1,6,14,6.9,1.7,12.5,0,165.0,15.0
48,Gary Brightwell,ARI,2021,72,218,4.56,194,James Conner,2020,NYG,22.0,RB,13,0,1,4,0,0,4,4.0,0.3,PIT,25.0,RB,13,11,169,721,6,42,59,4.3,55.5,2,1,1,6,6.0,0,0,6,6.0,0.1,0.5,0,2.0,0.153846154
49,Larry Rountree,LAC,2021,70,210,4.68,198,Austin Ekeler,2020,LAC,22.0,RB,12,0,36,87,1,5,13,2.4,7.3,LAC,25.0,RB,10,10,116,530,1,26,27,4.6,53.0,1,2,1,-1,-1.0,0,0,0,-0.5,0.1,-0.1,0,15.6,1.3
50,Chris Evans,CIN,2021,71,211,4.44,202,Joe Mixon,2020,CIN,24.0,RB,14,1,17,77,0,3,13,4.5,5.5,CIN,24.0,RB,6,6,119,428,3,20,34,3.6,71.3,1,17,15,151,10.1,2,6,24,8.9,1.1,10.8,0,49.8,3.557142857
51,Demetric Felton,CLE,2021,70,189,4.58,211,Nick Chubb,2020,CLE,23.0,WR,16,2,7,24,0,0,12,3.4,1.5,CLE,25.0,RB,12,12,190,1067,12,56,59,5.6,88.9,1,21,18,181,10.1,2,10,33,8.6,1.1,11.3,8,34.5,2.15625
52,Khalil Herbert,CHI,2021,70,212,4.48,217,David Montgomery,2020,CHI,23.0,RB,17,2,103,433,2,24,29,4.2,25.5,CHI,23.0,RB,15,14,247,1070,8,59,80,4.3,71.3,1,16,14,96,6.9,0,6,20,6.0,0.8,5.6,2,74.9,4.405882353
53,Jake Funk,LAR,2021,70,205,4.53,233,Darrell Henderson,2020,LAR,23.0,RB,10,0,2,5,0,0,6,2.5,0.5,LAR,23.0,RB,15,11,138,624,5,40,40,4.5,41.6,0,0,0,0,0.0,0,0,0,0.0,0.0,0.0,0,0.5,0.05
54,Gerrid Doaks,MIA,2021,71,228,4.57,244,Myles Gaskin,2020,0,22.21782178,0,0,0,0,0,0,0,0,0.0,0.0,MIA,23.0,RB,10,7,142,584,3,27,26,4.1,58.4,2,0,0,0,0.0,0,0,0,0.0,0.0,0.0,0,0.0,0.0
55,Kylin Hill,GB,2021,72,214,4.55,256,Aaron Jones,2020,GNB,23.0,RB,8,0,10,24,0,1,8,2.4,3.0,GNB,26.0,RB,14,14,201,1104,9,52,77,5.5,78.9,2,2,1,5,5.0,0,0,5,2.5,0.1,0.6,0,3.9,0.4875
56,Jermar Jefferson,DET,2021,71,206,4.55,257,D'Andre Swift,2020,DET,21.0,RB,7,0,15,74,2,4,28,4.9,10.6,DET,21.0,RB,13,4,114,521,8,31,54,4.6,40.1,3,5,4,23,5.8,0,2,11,4.6,0.6,3.3,0,25.7,3.671428571
57,Clyde Edwards-Helaire,KC,2020,68,210,4.6,32,Le'Veon Bell,2019,KAN,21.0,RB,13,13,181,803,4,39,31,4.4,61.8,NYJ,27.0,RB,15,15,245,789,3,36,19,3.2,52.6,1,54,36,297,8.3,1,12,26,5.5,2.8,22.8,0,176.0,13.53846154
58,D'Andre Swift,DET,2020,69,212,4.48,35,Adrian Peterson,2019,DET,21.0,RB,13,4,114,521,8,31,54,4.6,40.1,WAS,34.0,RB,15,15,211,898,5,41,32,4.3,59.9,3,57,46,357,7.8,2,15,26,6.3,3.5,27.5,6,181.8,13.98461538
59,Jonathan Taylor,IND,2020,71,226,4.39,41,Nyheim Hines,2019,IND,21.0,RB,15,13,232,1169,11,69,62,5.0,77.9,IND,23.0,RB,16,2,52,199,2,16,18,3.8,12.4,1,39,36,299,8.3,1,12,39,7.7,2.4,19.9,2,250.8,16.72
60,Cam Akers,LAR,2020,70,217,4.47,52,Darrell Henderson,2019,LAR,21.0,RB,13,5,145,625,2,26,61,4.3,48.1,LAR,22.0,RB,13,0,39,147,0,10,22,3.8,11.3,0,14,11,123,11.2,1,4,38,8.8,0.8,9.5,2,99.8,7.676923077
61,J.K. Dobbins,BAL,2020,70,212,4.49,55,Gus Edwards,2019,BAL,22.0,RB,15,1,134,805,9,38,72,6.0,53.7,BAL,24.0,RB,16,1,133,711,2,46,63,5.3,44.4,2,24,18,120,6.7,0,4,19,5.0,1.2,8.0,4,156.5,10.43333333
62,AJ Dillon,GB,2020,73,247,4.53,62,Aaron Jones,2019,GNB,22.0,RB,11,0,46,242,2,11,30,5.3,22.0,GNB,25.0,RB,16,16,236,1084,16,55,56,4.6,67.8,3,2,2,21,10.5,0,1,16,10.5,0.2,1.9,0,40.3,3.663636364
63,Ke'Shawn Vaughn,TB,2020,70,214,4.51,76,Ronald Jones II,2019,TAM,23.0,RB,10,0,26,109,0,5,19,4.2,10.9,TAM,22.0,RB,16,9,172,724,6,34,49,4.2,45.3,3,10,5,34,6.8,1,2,13,3.4,0.5,3.4,2,21.3,2.13
64,Zack Moss,BUF,2020,70,222,4.65,86,Devin Singletary,2019,BUF,23.0,RB,13,0,112,481,4,30,31,4.3,37.0,BUF,22.0,RB,12,8,151,775,2,37,38,5.1,64.6,4,18,14,95,6.8,1,5,20,5.3,1.1,7.3,0,101.6,7.815384615
65,Darrynton Evans,TEN,2020,71,203,4.41,93,Derrick Henry,2019,TEN,22.0,RB,5,0,14,54,0,2,9,3.9,10.8,TEN,25.0,RB,15,15,303,1540,16,73,74,5.1,102.7,5,4,2,27,13.5,1,2,24,6.8,0.4,5.4,0,16.1,3.22
66,Joshua Kelley,LAC,2020,71,212,4.49,112,Austin Ekeler,2019,LAC,23.0,RB,14,0,111,354,2,20,33,3.2,25.3,LAC,24.0,RB,16,8,132,557,3,32,35,4.2,34.8,3,23,23,148,6.4,0,9,35,6.4,1.6,10.6,4,77.2,5.514285714
67,Lamical Perine,NYJ,2020,71,216,4.62,120,Frank Gore,2019,0,22.21782178,0,0,0,0,0,0,0,0,0.0,0.0,BUF,36.0,RB,16,8,166,599,2,30,41,3.6,37.4,0,0,0,0,0.0,0,0,0,0.0,0.0,0.0,0,0.0,0.0
68,Anthony McFarland Jr.,PIT,2020,70,208,4.44,124,James Conner,2019,PIT,21.0,RB,11,0,33,113,0,4,20,3.4,10.3,PIT,24.0,RB,10,10,116,464,4,26,25,4.0,46.4,1,9,6,54,9.0,0,1,17,6.0,0.5,4.9,0,22.7,2.063636364
69,DeeJay Dallas,SEA,2020,71,217,4.58,144,Chris Carson,2019,SEA,22.0,RB,12,2,34,108,2,9,13,3.2,9.0,SEA,25.0,RB,15,15,278,1230,7,75,59,4.4,82.0,7,20,17,111,6.5,1,5,13,5.6,1.4,9.3,0,56.9,4.741666667
70,Jason Huntley,DET,2020,69,193,4.37,172,D'Andre Swift,2019,PHI,22.0,RB,5,0,5,19,0,1,10,3.8,3.8,0,24.72641509,0,0,0,0,0,0,0,0,0.0,0.0,0,2,1,0,0.0,0,0,0,0.0,0.2,0.0,0,2.9,0.58
71,Josh Jacobs,LV,2019,70,220,4.6,24,Jalen Richard,2018,OAK,21.0,RB,13,13,242,1150,7,53,51,4.8,88.5,OAK,25.0,RB,16,1,55,259,1,11,30,4.7,16.2,3,27,20,166,8.3,0,8,28,6.1,1.5,12.8,2,189.6,14.58461538
72,Miles Sanders,PHI,2019,71,211,4.49,53,Jordan Howard,2018,PHI,22.0,RB,16,11,179,818,3,30,65,4.6,51.1,CHI,24.0,RB,16,15,250,935,9,53,42,3.7,58.4,2,63,50,509,10.2,3,19,45,8.1,3.1,31.8,4,210.7,13.16875
73,Darrell Henderson,LAR,2019,70,208,4.49,70,Malcolm Brown,2018,LAR,22.0,RB,13,0,39,147,0,10,22,3.8,11.3,LAR,25.0,RB,12,0,43,212,0,10,19,4.9,17.7,0,6,4,37,9.3,0,1,14,6.2,0.3,2.8,0,22.4,1.723076923
74,David Montgomery,CHI,2019,71,222,4.63,73,Tarik Cohen,2018,CHI,22.0,RB,16,8,242,889,6,50,55,3.7,55.6,CHI,23.0,RB,16,7,99,444,3,20,32,4.5,27.8,7,35,25,185,7.4,1,7,30,5.3,1.6,11.6,4,166.4,10.4
75,Devin Singletary,BUF,2019,68,203,4.66,74,Frank Gore,2018,BUF,22.0,RB,12,8,151,775,2,37,38,5.1,64.6,MIA,35.0,RB,14,14,156,722,0,25,39,4.6,51.6,1,41,29,194,6.7,2,5,49,4.7,2.4,16.2,8,133.9,11.15833333
76,Damien Harris,NE,2019,71,215,4.57,87,Sony Michel,2018,NWE,22.0,RB,2,0,4,12,0,0,13,3.0,6.0,NWE,23.0,RB,13,8,209,931,6,54,34,4.5,71.6,1,0,0,0,0.0,0,0,0,0.0,0.0,0.0,0,1.2,0.6
77,Alexander Mattison,MIN,2019,71,221,4.67,102,Dalvin Cook,2018,MIN,21.0,RB,13,0,100,462,1,19,35,4.6,35.5,MIN,23.0,RB,11,10,133,615,2,22,70,4.6,55.9,2,12,10,82,8.2,0,3,17,6.8,0.8,6.3,2,66.4,5.107692308
78,Bryce Love,WAS,2019,71,200,4.53,112,Adrian Peterson,2018,0,22.21782178,0,0,0,0,0,0,0,0,0.0,0.0,WAS,33.0,RB,16,16,251,1042,7,47,90,4.2,65.1,3,0,0,0,0.0,0,0,0,0.0,0.0,0.0,0,0.0,0.0
79,Justice Hill,BAL,2019,70,198,4.4,113,Mark Ingram,2018,BAL,22.0,RB,16,0,58,225,2,10,18,3.9,14.1,NOR,29.0,RB,12,6,138,645,6,34,38,4.7,53.8,3,15,8,70,8.8,0,5,14,4.7,0.5,4.4,0,49.5,3.09375
80,Benny Snell Jr.,PIT,2019,71,224,4.66,122,James Conner,2018,PIT,21.0,RB,13,2,108,426,2,19,23,3.9,32.8,PIT,23.0,RB,13,12,215,973,12,56,30,4.5,74.8,4,4,3,23,7.7,0,0,14,5.8,0.2,1.8,2,55.9,4.3
81,Tony Pollard,DAL,2019,72,210,4.52,128,Ezekiel Elliott,2018,DAL,22.0,RB,15,0,86,455,2,21,44,5.3,30.3,DAL,23.0,RB,15,15,304,1434,6,74,41,4.7,95.6,6,20,15,107,7.1,1,4,21,5.4,1.0,7.1,2,85.2,5.68
82,Ryquell Armstead,JAC,2019,71,220,4.45,140,Leonard Fournette,2018,JAX,23.0,RB,16,1,35,108,0,5,16,3.1,6.8,JAX,23.0,RB,8,8,133,439,5,23,25,3.3,54.9,0,24,14,144,10.3,2,9,31,6.0,0.9,9.0,0,51.2,3.2
83,Qadree Ollison,ATL,2019,73,232,4.58,152,Devonta Freeman,2018,ATL,23.0,RB,8,0,22,50,4,6,6,2.3,6.3,ATL,26.0,RB,2,2,14,68,0,2,20,4.9,34.0,0,2,1,7,7.0,0,1,7,3.5,0.1,0.9,2,26.7,3.3375
84,Jordan Scarlett,CAR,2019,70,208,4.47,154,Christian McCaffrey,2018,CAR,23.0,RB,9,0,4,9,0,0,6,2.3,1.0,CAR,22.0,RB,16,16,219,1098,7,53,59,5.0,68.6,4,0,0,0,0.0,0,0,0,0.0,0.0,0.0,0,0.9,0.1
85,Trayveon Williams,CIN,2019,69,206,4.51,182,Joe Mixon,2018,0,22.21782178,0,0,0,0,0,0,0,0,0.0,0.0,CIN,22.0,RB,14,13,237,1168,8,60,51,4.9,83.4,0,0,0,0,0.0,0,0,0,0.0,0.0,0.0,0,0.0,0.0
86,Ty Johnson,DET,2019,72,210,4.45,186,Kerryon Johnson,2018,DET,22.0,RB,16,1,63,273,0,11,40,4.3,17.1,DET,21.0,RB,10,7,118,641,3,32,71,5.4,64.1,1,31,24,109,4.5,0,4,13,3.5,1.5,6.8,2,58.2,3.6375
87,Dexter Williams,GB,2019,72,212,4.57,194,Aaron Jones,2018,GNB,22.0,RB,4,0,5,11,0,0,5,2.2,2.8,GNB,24.0,RB,12,8,133,728,8,41,67,5.5,60.7,1,0,0,0,0.0,0,0,0,0.0,0.0,0.0,0,1.1,0.275
88,Marcus Green,PHI,2019,69,191,4.38,203,Miles Sanders,2018,0,22.21782178,0,0,0,0,0,0,0,0,0.0,0.0,0,24.72641509,0,0,0,0,0,0,0,0,0.0,0.0,0,0,0,0,0.0,0,0,0,0.0,0.0,0.0,0,0.0,0.0
89,Travis Homer,SEA,2019,70,202,4.48,204,Chris Carson,2018,SEA,21.0,RB,16,1,18,114,0,6,29,6.3,7.1,SEA,24.0,RB,14,14,247,1151,9,61,61,4.7,82.2,3,13,11,56,5.1,0,3,11,4.3,0.7,3.5,0,28.0,1.75
90,Rodney Anderson,CIN,2019,72,224,4.63,211,Joe Mixon,2018,0,22.21782178,0,0,0,0,0,0,0,0,0.0,0.0,CIN,22.0,RB,14,13,237,1168,8,60,51,4.9,83.4,0,0,0,0,0.0,0,0,0,0.0,0.0,0.0,0,0.0,0.0
91,Darwin Thompson,KC,2019,68,200,4.5,214,Damien Williams,2018,KAN,22.0,RB,12,0,37,128,1,9,12,3.5,10.7,KAN,26.0,RB,16,3,50,256,4,15,25,5.1,16.0,1,10,9,43,4.8,0,2,19,4.3,0.8,3.6,0,32.1,2.675
92,Mike Weber,DAL,2019,70,211,4.47,218,Ezekiel Elliott,2018,0,22.21782178,0,0,0,0,0,0,0,0,0.0,0.0,DAL,23.0,RB,15,15,304,1434,6,74,41,4.7,95.6,6,0,0,0,0.0,0,0,0,0.0,0.0,0.0,0,0.0,0.0
93,Cullen Gillaspia,HOU,2019,72,235,4.69,220,Carlos Hyde,2018,0,22.21782178,0,0,0,0,0,0,0,0,0.0,0.0,2TM,28.0,RB,14,7,172,571,5,27,22,3.3,40.8,2,0,0,0,0.0,0,0,0,0.0,0.0,0.0,0,0.0,0.0
94,Kerrith Whyte,CHI,2019,70,200,4.37,222,David Montgomery,2018,0,22.21782178,0,0,0,0,0,0,0,0,0.0,0.0,0,24.72641509,0,0,0,0,0,0,0,0,0.0,0.0,0,0,0,0,0.0,0,0,0,0.0,0.0,0.0,0,0.0,0.0
95,Chandler Cox,MIA,2019,72,235,4.74,233,Kalen Ballage,2018,0,22.21782178,0,0,0,0,0,0,0,0,0.0,0.0,MIA,23.0,RB,12,0,36,191,1,10,75,5.3,15.9,1,0,0,0,0.0,0,0,0,0.0,0.0,0.0,0,0.0,0.0
96,Myles Gaskin,MIA,2019,70,200,4.58,234,Kalen Ballage,2018,MIA,22.0,RB,7,0,36,133,1,7,27,3.7,19.0,MIA,23.0,RB,12,0,36,191,1,10,75,5.3,15.9,1,12,7,51,7.3,0,2,20,4.3,1.0,7.3,0,31.4,4.485714286
97,Saquon Barkley,NYG,2018,72,233,4.4,2,Wayne Gallman,2017,NYG,21.0,RB,16,16,261,1307,11,50,78,5.0,81.7,NYG,23.0,RB,13,1,111,476,0,24,24,4.3,36.6,3,121,91,721,7.9,4,30,57,6.0,5.7,45.1,0,383.8,23.9875
98,Rashaad Penny,SEA,2018,71,220,4.46,27,Chris Carson,2017,SEA,22.0,RB,14,0,85,419,2,18,38,4.9,29.9,SEA,23.0,RB,4,3,49,208,0,13,30,4.2,52.0,0,12,9,75,8.3,0,3,24,6.3,0.6,5.4,0,70.4,5.028571429
99,Sony Michel,NE,2018,70,215,4.54,31,James White,2017,NWE,23.0,RB,13,8,209,931,6,54,34,4.5,71.6,NWE,25.0,RB,14,4,43,171,0,6,10,4.0,12.2,0,11,7,50,7.1,0,3,13,4.5,0.5,3.8,2,137.1,10.54615385
100,Nick Chubb,CLE,2018,71,227,4.52,35,Duke Johnson Jr.,2017,CLE,23.0,RB,16,9,192,996,8,47,92,5.2,62.3,0,24.72641509,0,0,0,0,0,0,0,0,0.0,0.0,0,29,20,149,7.5,2,5,24,5.1,1.3,9.3,0,194.5,12.15625
101,Ronald Jones II,TB,2018,72,208,4.48,38,Peyton Barber,2017,TAM,21.0,RB,9,0,23,44,1,2,9,1.9,4.9,TAM,23.0,RB,16,4,108,423,3,25,34,3.9,26.4,2,9,7,33,4.7,0,2,15,3.7,0.8,3.7,0,20.7,2.3
102,Kerryon Johnson,DET,2018,71,213,4.52,43,LeGarrette Blount,2017,DET,21.0,RB,10,7,118,641,3,32,71,5.4,64.1,PHI,31.0,RB,16,11,173,766,2,33,68,4.4,47.9,1,39,32,213,6.7,1,11,24,5.5,3.2,21.3,2,137.4,13.74
103,Derrius Guice,WAS,2018,71,224,4.49,59,Adrian Peterson,2017,0,22.21782178,0,0,0,0,0,0,0,0,0.0,0.0,2TM,32.0,RB,10,7,156,529,2,0,27,3.4,52.9,3,0,0,0,0.0,0,0,0,0.0,0.0,0.0,0,0.0,0.0
104,Royce Freeman,DEN,2018,71,229,4.54,71,Phillip Lindsay,2017,DEN,22.0,RB,14,8,130,521,5,30,24,4.0,37.2,0,24.72641509,0,0,0,0,0,0,0,0,0.0,0.0,0,20,14,72,5.1,0,2,9,3.6,1.0,5.1,2,99.3,7.092857143
105,Nyheim Hines,IND,2018,69,198,4.38,104,Marlon Mack,2017,IND,22.0,RB,16,4,85,314,2,17,18,3.7,19.6,IND,21.0,RB,14,0,93,358,3,20,35,3.8,25.6,1,81,63,425,6.7,2,29,28,5.2,3.9,26.6,2,156.9,9.80625
106,Mark Walton,CIN,2018,71,202,4.6,112,Joe Mixon,2017,CIN,21.0,RB,14,0,14,34,0,5,10,2.4,2.4,CIN,21.0,RB,14,7,178,626,4,39,25,3.5,44.7,3,8,5,41,8.2,0,1,24,5.1,0.4,2.9,0,12.5,0.892857143
107,Ito Smith,ATL,2018,69,195,4.45,126,Tevin Coleman,2017,ATL,23.0,RB,14,0,90,315,4,18,18,3.5,22.5,ATL,24.0,RB,15,3,156,628,5,27,52,4.0,41.9,1,32,27,152,5.6,0,9,20,4.8,1.9,10.9,2,93.7,6.692857143
108,Kalen Ballage,MIA,2018,73,228,4.46,131,Frank Gore,2017,MIA,23.0,RB,12,0,36,191,1,10,75,5.3,15.9,IND,34.0,RB,16,16,261,961,3,49,21,3.7,60.1,3,11,9,56,6.2,0,2,31,5.1,0.8,4.7,2,35.7,2.975
109,Chase Edmonds,ARI,2018,69,205,4.55,134,David Johnson,2017,ARI,22.0,RB,16,0,60,208,2,14,29,3.5,13.0,ARI,26.0,RB,1,1,11,23,0,0,6,2.1,23.0,2,23,20,103,5.2,0,5,13,4.5,1.3,6.4,2,59.1,3.69375
110,Jordan Wilkins,IND,2018,73,216,4.67,169,Marlon Mack,2017,IND,24.0,RB,16,3,60,336,1,15,53,5.6,21.0,IND,21.0,RB,14,0,93,358,3,20,35,3.8,25.6,1,17,16,85,5.3,0,2,17,5.0,1.0,5.3,4,56.1,3.50625
111,John Kelly,LAR,2018,70,216,4.67,176,Todd Gurley II,2017,LAR,22.0,RB,4,0,27,74,0,6,7,2.7,18.5,0,24.72641509,0,0,0,0,0,0,0,0,0.0,0.0,0,3,2,27,13.5,0,1,18,9.0,0.5,6.8,0,12.1,3.025
112,Boston Scott,PHI,2018,69,203,4.4,201,Wendell Smallwood,2017,0,22.21782178,0,0,0,0,0,0,0,0,0.0,0.0,PHI,23.0,RB,8,3,47,174,1,10,26,3.7,21.8,0,0,0,0,0.0,0,0,0,0.0,0.0,0.0,0,0.0,0.0
113,Trenton Cannon,NYJ,2018,71,185,4.4,204,Isaiah Crowell,2017,NYJ,24.0,RB,16,0,38,113,1,7,21,3.0,7.1,CLE,24.0,RB,16,16,206,853,2,39,59,4.1,53.3,1,25,17,144,8.5,0,4,35,5.8,1.1,9.0,0,48.7,3.04375
114,David Williams,DEN,2018,74,229,4.51,226,Phillip Lindsay,2017,JAX,24.0,RB,6,0,8,36,0,3,15,4.5,6.0,0,24.72641509,0,0,0,0,0,0,0,0,0.0,0.0,0,0,0,0,0.0,0,0,0,0.0,0.0,0.0,0,3.6,0.6
115,Bo Scarbrough,DAL,2018,73,235,4.52,236,Ezekiel Elliott,2017,0,22.21782178,0,0,0,0,0,0,0,0,0.0,0.0,DAL,22.0,RB,10,10,242,983,7,57,30,4.1,98.3,1,0,0,0,0.0,0,0,0,0.0,0.0,0.0,0,0.0,0.0
116,Justin Jackson,LAC,2018,71,199,4.52,251,Melvin Gordon,2017,LAC,22.0,RB,13,1,50,206,2,13,20,4.1,15.8,LAC,24.0,RB,16,16,284,1105,8,61,87,3.9,69.1,1,19,15,135,9.0,0,5,19,7.1,1.2,10.4,0,61.1,4.7
117,Leonard Fournette,JAC,2017,72,228,4.51,4,Chris Ivory,2016,JAX,22.0,RB,13,13,268,1040,9,51,90,3.9,80.0,0,24.72641509,0,0,0,0,0,0,0,0,0.0,0.0,0,48,36,302,8.4,1,18,28,6.3,2.8,23.2,4,222.2,17.09230769
118,Christian McCaffrey,CAR,2017,71,202,4.48,8,Jonathan Stewart,2016,CAR,21.0,RB,16,10,117,435,2,22,40,3.7,27.2,0,24.72641509,0,0,0,0,0,0,0,0,0.0,0.0,0,113,80,651,8.1,5,37,37,5.8,5.0,40.7,4,222.6,13.9125
119,Dalvin Cook,MIN,2017,70,210,4.49,41,Latavius Murray,2016,MIN,22.0,RB,4,4,74,354,2,16,33,4.8,88.5,0,24.72641509,0,0,0,0,0,0,0,0,0.0,0.0,0,16,11,90,8.2,0,3,36,5.6,2.8,22.5,2,63.4,15.85
120,Joe Mixon,CIN,2017,73,226,4.5,48,Jeremy Hill,2016,CIN,21.0,RB,14,7,178,626,4,39,25,3.5,44.7,0,24.72641509,0,0,0,0,0,0,0,0,0.0,0.0,0,34,30,287,9.6,0,10,67,8.4,2.1,20.5,6,133.3,9.521428571
121,Alvin Kamara,NO,2017,71,214,4.53,67,Mark Ingram,2016,NOR,22.0,RB,16,3,120,728,8,42,74,6.1,45.5,0,24.72641509,0,0,0,0,0,0,0,0,0.0,0.0,0,100,81,826,10.2,5,38,40,8.3,5.1,51.6,2,310.4,19.4
122,Kareem Hunt,KC,2017,70,216,4.62,86,Charcandrick West,2016,KAN,22.0,RB,16,16,272,1327,8,63,69,4.9,82.9,0,24.72641509,0,0,0,0,0,0,0,0,0.0,0.0,0,63,53,455,8.6,3,17,78,7.2,3.3,28.4,2,293.2,18.325
123,D'Onta Foreman,HOU,2017,73,233,4.45,89,Lamar Miller,2016,HOU,21.0,RB,10,1,78,327,2,13,39,4.2,32.7,0,24.72641509,0,0,0,0,0,0,0,0,0.0,0.0,0,8,6,83,13.8,0,4,34,10.4,0.6,8.3,4,51.0,5.1
124,James Conner,PIT,2017,74,233,4.65,105,Le'Veon Bell,2016,PIT,22.0,RB,14,0,32,144,0,4,23,4.5,10.3,0,24.72641509,0,0,0,0,0,0,0,0,0.0,0.0,0,1,0,0,0.0,0,0,0,0.0,0.0,0.0,0,14.4,1.028571429
125,Samaje Perine,CIN,2017,71,233,4.65,114,Joe Mixon,2016,WAS,22.0,RB,16,8,175,603,1,23,30,3.4,37.7,0,24.72641509,0,0,0,0,0,0,0,0,0.0,0.0,0,24,22,182,8.3,1,9,25,7.6,1.4,11.4,4,104.5,6.53125
126,Tarik Cohen,CHI,2017,66,191,4.42,119,Jordan Howard,2016,CHI,22.0,RB,16,4,87,370,2,19,46,4.3,23.1,0,24.72641509,0,0,0,0,0,0,0,0,0.0,0.0,0,71,53,353,6.7,1,9,70,5.0,3.3,22.1,6,131.3,8.20625
127,Joe Williams,SF,2017,70,210,4.41,121,Carlos Hyde,2016,0,22.21782178,0,0,0,0,0,0,0,0,0.0,0.0,0,24.72641509,0,0,0,0,0,0,0,0,0.0,0.0,0,0,0,0,0.0,0,0,0,0.0,0.0,0.0,0,0.0,0.0
128,Donnel Pumphrey,PHI,2017,69,176,4.48,132,LeGarrette Blount,2016,0,22.21782178,0,0,0,0,0,0,0,0,0.0,0.0,0,24.72641509,0,0,0,0,0,0,0,0,0.0,0.0,0,0,0,0,0.0,0,0,0,0.0,0.0,0.0,0,0.0,0.0
129,Jamaal Williams,GB,2017,72,213,4.59,134,Aaron Jones,2016,GNB,22.0,RB,16,7,153,556,4,32,25,3.6,34.8,0,24.72641509,0,0,0,0,0,0,0,0,0.0,0.0,0,34,25,262,10.5,2,12,54,7.7,1.6,16.4,0,142.8,8.925
130,Wayne Gallman,NYG,2017,72,210,4.6,140,Orleans Darkwa,2016,NYG,23.0,RB,13,1,111,476,0,24,24,4.3,36.6,0,24.72641509,0,0,0,0,0,0,0,0,0.0,0.0,0,48,34,193,5.7,1,8,11,4.0,2.6,14.8,6,94.9,7.3
131,Marlon Mack,IND,2017,71,210,4.5,143,Frank Gore,2016,IND,21.0,RB,14,0,93,358,3,20,35,3.8,25.6,0,24.72641509,0,0,0,0,0,0,0,0,0.0,0.0,0,33,21,225,10.7,1,10,34,6.8,1.5,16.1,2,99.3,7.092857143
132,Brian Hill,ATL,2017,73,219,4.54,156,Devonta Freeman,2016,2TM,22.0,RB,7,0,11,37,0,0,11,3.4,5.3,0,24.72641509,0,0,0,0,0,0,0,0,0.0,0.0,0,2,2,36,18.0,0,0,34,18.0,0.3,5.1,0,9.3,1.328571429
133,Jeremy McNichols,TB,2017,70,214,4.49,162,Doug Martin,2016,0,22.21782178,0,0,0,0,0,0,0,0,0.0,0.0,0,24.72641509,0,0,0,0,0,0,0,0,0.0,0.0,0,0,0,0,0.0,0,0,0,0.0,0.0,0.0,0,0.0,0.0
134,TJ Logan,TB,2017,71,195,4.37,179,Doug Martin,2016,0,22.21782178,0,0,0,0,0,0,0,0,0.0,0.0,0,24.72641509,0,0,0,0,0,0,0,0,0.0,0.0,0,0,0,0,0.0,0,0,0,0.0,0.0,0.0,0,0.0,0.0
135,Aaron Jones,GB,2017,70,208,4.56,182,Jamaal Williams,2016,GNB,23.0,RB,12,4,81,448,4,23,46,5.5,37.3,0,24.72641509,0,0,0,0,0,0,0,0,0.0,0.0,0,18,9,22,2.4,0,2,9,1.2,0.8,1.8,0,80.0,6.666666667
136,Elijah McGuire,KC,2017,70,214,4.53,188,Kareem Hunt,2016,NYJ,23.0,RB,16,2,88,315,1,14,69,3.6,19.7,0,24.72641509,0,0,0,0,0,0,0,0,0.0,0.0,0,26,17,177,10.4,1,10,38,6.8,1.1,11.1,4,70.2,4.3875
137,Alex Armah,CAR,2017,72,255,4.84,192,Jonathan Stewart,2016,0,22.21782178,0,0,0,0,0,0,0,0,0.0,0.0,0,24.72641509,0,0,0,0,0,0,0,0,0.0,0.0,0,0,0,0,0.0,0,0,0,0.0,0.0,0.0,0,0.0,0.0
138,De'Angelo Henderson,DEN,2017,71,208,4.48,203,C.J. Anderson,2016,DEN,25.0,RB,5,0,7,13,0,2,5,1.9,2.6,0,24.72641509,0,0,0,0,0,0,0,0,0.0,0.0,0,2,2,36,18.0,1,1,29,18.0,0.4,7.2,0,12.9,2.58
139,Sam Rogers,LAR,2017,71,231,4.71,206,Todd Gurley II,2016,0,22.21782178,0,0,0,0,0,0,0,0,0.0,0.0,0,24.72641509,0,0,0,0,0,0,0,0,0.0,0.0,0,0,0,0,0.0,0,0,0,0.0,0.0,0.0,0,0.0,0.0
140,Brandon Wilson,CIN,2017,71,200,4.55,207,Joe Mixon,2016,0,22.21782178,0,0,0,0,0,0,0,0,0.0,0.0,0,24.72641509,0,0,0,0,0,0,0,0,0.0,0.0,0,0,0,0,0.0,0,0,0,0.0,0.0,0.0,0,0.0,0.0
141,Devante Mays,GB,2017,71,230,4.52,238,Aaron Jones,2016,GNB,23.0,RB,8,0,4,1,0,0,2,0.3,0.1,0,24.72641509,0,0,0,0,0,0,0,0,0.0,0.0,0,3,3,0,0.0,0,0,1,0.0,0.4,0.0,4,-4.9,-0.6125
142,Marquez Williams,JAC,2017,71,259,4.93,240,Leonard Fournette,2016,0,22.21782178,0,0,0,0,0,0,0,0,0.0,0.0,0,24.72641509,0,0,0,0,0,0,0,0,0.0,0.0,0,1,0,0,0.0,0,0,0,0.0,0.0,0.0,0,0.0,0.0
143,Khalfani Muhammad,DEN,2017,69,174,4.34,241,C.J. Anderson,2016,0,22.21782178,0,0,0,0,0,0,0,0,0.0,0.0,0,24.72641509,0,0,0,0,0,0,0,0,0.0,0.0,0,0,0,0,0.0,0,0,0,0.0,0.0,0.0,0,0.0,0.0
144,Elijah Hood,OAK,2017,72,230,4.57,242,Marshawn Lynch,2016,0,22.21782178,0,0,0,0,0,0,0,0,0.0,0.0,0,24.72641509,0,0,0,0,0,0,0,0,0.0,0.0,0,0,0,0,0.0,0,0,0,0.0,0.0,0.0,0,0.0,0.0
145,Christopher Carson,SEA,2017,73,218,4.58,249,Eddie Lacy,2016,0,22.21782178,0,0,0,0,0,0,0,0,0.0,0.0,0,24.72641509,0,0,0,0,0,0,0,0,0.0,0.0,0,0,0,0,0.0,0,0,0,0.0,0.0,0.0,0,0.0,0.0
146,Matt Dayes,CLE,2017,71,205,4.63,252,Isaiah Crowell,2016,0,22.21782178,0,0,0,0,0,0,0,0,0.0,0.0,0,24.72641509,0,0,0,0,0,0,0,0,0.0,0.0,0,0,0,0,0.0,0,0,0,0.0,0.0,0.0,0,0.0,0.0
